part_no,item_desc,model,pdf_price,total_stock,page
11225506002111,capillary assembly 11225506002111 24DU01W,ES-24DU01WG,2100.0,-1,1
300002060666,Indoor main board GS-12FITH6G 300002060666,GS-12FITH6G,5500.0,5,1
30057000029,"Cut of Valve 1/4"" 30057000029",GS-18CITH2G,1500.0,-2,1
35060059,IGBT FGH40N60SMD 35060059 GS- 18CITH11S,GS-18CITH11S,1000.0,5,1
42583360,Smart Block For WD-400F (38426) 42583360,WD-400F,1200.0,-5,1
7130239,Cut-off Valve GS-24ECH10 7130239,GS-24ECH10,1600.0,15,1
7135439,Electric Expansion Valve 48FWITH 7135439,GF-48FWITH,6250.0,2,1
00205200018,Compressor and Fittings,GUHN30NK3HO,72600.0,1,1
01029400054,Evaporator Assy,GKH48K3FI,74800.0,1,1
01055200051,Evaporator Assy GKH30K3HI & GKH24K3HI,GKH24K3HI,46500.0,0,1
030057000029,Cut off Valve Sub-Assy(1/4) GS- 18CITH2G 030057000029,GS-18CITH2G,1200.0,-4,1
03010502030014,DOOR SWITCH GRIM-215G-CD1Y 03010502030014,GRIM-215G-CD1Y,1000.0,0,1
03010502050004,PCB GRIS-300G-CB1Y 03010502050004,GRIS-300G-CB1Y,13000.0,0,1
03020203100003,Dryer Motor (Spin Motor) EW- T1004MG 03020203100003,EW-T1004MG,4500.0,0,1
0305010101,Kaghan Chemicals Disposible Cylinder Gas R-22 Capacity 13.6 KG,GASR-22,35000.0,-2,1
0305010102,ATTI & CO Disposible Cylinder Gas R- 410a Capacity 11.3 KG 0305010102,GASR-410,40000.0,10,1
0305010102,Kaghan Chemicals Disposible Cylinder Gas R-410a Capacity 11.3 KG,GASR-410,35000.0,0,1
0305010102,Kaghan Traders Disposible Cylinder Gas R-410a Capacity 11.3 KG,GASR-410,35000.0,0,1
0305010102,S.A Khan Traders Medium Cylinder Gas R-410 Capacity 11.3 KG,GASR-410,40000.0,-17,1
0305010103,ATTI & CO Disposible Cylinder Gas R-32 Capacity 9.5 KG 0305010103,GASR-32,40000.0,0,1
0305010103,Kaghan Chemicals Disposible Cylinder Gas R-32 Capacity 9.5 KG,GASR-32,35000.0,-2,1
0305010103,S.A KHAN TRADERS Disposible Cylinder Gas R-32 Capacity 9.5 KG,GASR-32,40000.0,0,1
0305010104,Kaghan Chemicals Disposible Cylinder Gas R-134 a Capacity 13.6 KG,GASR-134,40000.0,2,1
0305010105,S.A Khan Traders Disposible Cylinder Gas (Refrigerant R-600 Capacity 6.5 Kg),GASR-600,15000.0,-2,1
05230014,Drain Pipe05230014,GS-18CZ6,700.0,0,1
0710307901,Cut off Valve 1/2,GUHN48NM3HO,2200.0,0,3
07130209,Cut off Valve,GU125W/A1-M,1705.0,0,3
10000203866,Indoor Electric Box Assy GS-11CITH13F 10000203866,GS-11CITH13F,20000.0,3,3
100002065730,Outdoor Electric Box GF-48TFIH 100002065730,GF-48TFIH,74000.0,1,3
100002072042,Outdoor Electric Box Assy GS- 12PITH11W/O 100002072042,GS-12PITH11W,23000.0,1,3
100002072128,Outdoor Electric Box 100002072128 18PITH11W,GS-18PITH11W,38000.0,0,3
100002073749,Outdoor Electric box 36TFIH 100002073749,GF-36TFIH,50000.0,-1,3
100002078207,OD Electric Box Assy GF-24TFIH-T3 (62618) 100002078207,GF-24TFIH-T3,55000.0,0,3
1000106068502,Evaporator Sub Assy GS-18CM11-T3 / GS-18ZITH1W-T3 1000106068502,GS-18CM11,26000.0,1,3
1000106070301P,Evaporator Sub Assy GS-24AITH21W-T3 / GS-24ZITH1W-T3 (61901) 1000106070301P,GS-24AITH21W-T3,32000.0,0,3
1000106071601P,Evaporator Sub Assembly GS-12CM11 1000106071601P,GS-12CM11,20000.0,-1,3
1000206052501,Condenser Sub-Assy GS-24LM6L/O 1000206052501,GS-24LM6L,25000.0,0,3
100044,LED BULB WITH HOLDERS GR-D310G( 5684) 100044,GR-D310G-CB2,500.0,-3,3
1002422LC,Evaporator Assy 12CITH1 1002422LC,GS-12CITH1,20000.0,17,3
1002686LC,Evaporater Assy 18LM4 18LITH 1002686LC / 1002937,GS-18LM4,26000.0,-2,3
1002937LC,Evaporator assy GS-18CITH1 1002937LC / 1002686,GS-18CITH1,26000.0,-51,3
1002976,Evaporater Assy 12LM4 / 12LM5L 1002976,GS-12LM4,20000.0,24,3
100297601,Evaporator Assy 12AITH11 12FITH1C 12FITH4WB 100297601,GS-12AITH11W,20000.0,0,3
100404401,Evaporator Assy 24CB/ 24TFIH 1100100218 / 100404401,GF-24CB,66000.0,0,3
1004169,Evaporater Assy 48FW 1004169,GF-48FW,70000.0,-3,3
103001060004,Cross Flow fan 12PITH1W/GS- 12PITH21-T3/ GS-12PITCW 103001060004,GS-12PITH1W,1500.0,-5,3
103001060017,Cross Flow Fan 18PITH1W/18PITH11W/GS- 18PITH21GB-T3 / GS-18PITC12W-T3 103001060017,GS-18PITH1W,3500.0,-1,3
103001060034,Cross Flow Fan GS-18CM11/GS- 18AITH23S-T3/21/24 103001060034,GS-18CM11,2000.0,-1,5
10322402,Compressors and Fitting 12PITH1W 10322402,GS-12PITH1W,23000.0,0,5
10333004,Axial Flow Fan 10333004,GS-12ECH10,1250.0,1,5
103372,Compressors and Fittings 18LM4L 103372,GS-18LM4L,42000.0,1,5
103373,Compressor and fitting 24LM4L 103373,GS-24LM4L,42000.0,-1,5
10352019,Cross Flow Fan 18CZ/18CITH 10352019,GS-18CITH1,3500.0,-2,5
10354005,Cross Flow fan 24IPH / 24ISH 10354005,GF-24IPH,5000.0,1,5
103704,Compressors and Fitting 48FW / 48CB 103704,GF-48FW,99500.0,-1,5
105018,PNA EOL Vendor Compressor and Fittings 24CB 105018,GF-24CB,57000.0,-1,5
105249G,"Compressor and Fittings 105249G GS- 18CITH12G / GS-18FITH6C/I , QXA- B141ZF030A R-410a",GS-18FITH6C,49000.0,-5,5
1060141,Indoor Rear Case GS-24PITH11W 1060141,GS-24PITH11W,6500.0,-1,5
11001000027,Evaporator Assy 24TFH 11001000027,GF-24TFH,66000.0,0,5
11001000095LC,Evaporators Assy 24LITH11M 11001000095LC,GS-24LITH11M,39000.0,11,5
11001000207LC,Evaporaters Assy 18AITH11 18FITH1 11001000207LC,GS-18FITH1C,26000.0,-46,5
1100100032LC,Evaporator assy GS-24CITH1/GS- 24CITH11W / GS-24CITH12W 1100100032LC,GS-24CITH1,39000.0,-19,5
11001000602,Evaporator Assy GF-36TFIH 11001000602,GF-36TFIH,58000.0,0,5
1100100189,Evaporater Assy 24CD/24TFIH/24CB 1100100189,GF-24CD,66000.0,2,5
1100100218,Evaporator GF-24TFIH/24CB 100404401/ 1100100218,GF-24TFIH,66000.0,-1,5
1100100290,Evaporator GF-24TF 1100100290,GF-24TFH,66000.0,0,5
1100100311LC,Evaporator Assy 1100100311LC 24LM4L/24LM5L/24LM8L,GS-24LM4L,39000.0,20,5
11001060092,Evaporator Assy 11001060092 24ISH,GF-24ISH,72000.0,-1,5
11001060246,Evaporator Assy GF-48FWITH 11001060246,GF-48FWITH,75000.0,-1,5
11001060521,Evaporator Assy GF-48TF 11001060521,GF-48TF,75000.0,2,5
11001060868,Evaporator Assy GS-18PITH1W 11001060868,GS-18PITH1W,26000.0,48,5
1100106088101,Evaporator GS-12PITH11W/10W / GS- 12PIT10W 1100106088101,GS-12PITH11W,20000.0,-96,5
11001061006LC,Evaporator Assy 24PITH1-2-11-21WÂ / GS-24PITC12W-T3 11001061006LC,GS-24PITH1W,39000.0,22,7
11001061842LC,Evaporator 11001061842LC 18PITH11W / GS-18PITC12W-T3,GS-18PITH11W,26000.0,-1,7
11001062405,Evaporator Assy GS-12CM11 11001062405,GS-12CM11,22000.0,-17,7
1100106241101,Evaporator Assy GS-26AITH23S-T3/26- 23W-T3/GS-24CM11/24aith 1100106241101,GS-26AITH23S-T3,40000.0,-10,7
11001062414,Evaporator Assy GS-18AITH23W-T3 / GS-18AITH21W-T3/ GS-18CM11 / GS- 18ZITH 11001062414,GS-18AITH23W-T3,30000.0,-31,7
1100106258001,Evaporator Assy GS-12AITH23S-T3 1100106258001,GS-12AITH23S-T3,20000.0,-1,7
11001063356,Evaporator Assy GF-24VTIH 11001063356,GF-24VTIH,45000.0,-7,7
11002000244,Condenssors 24LITH12 / 24TFH 11002000244,GS-24LITH12W,27000.0,1,7
1100200666,Condenssors Assy 18LM5L/18LM4L/18LM8L 1100200666,GS-18LM5L,20000.0,1,7
1100206086201,Condenser GS-24PITH1W 1100206086201,GS-24PITH1W,36000.0,0,7
11002061030,Condenser Assy 18PITH1W/O 11002061030,GS-18PITH1W,23000.0,0,7
11002061517,Condenser Assy GS-24PITH11W 11002061517,GS-24PITH11W,20000.0,-1,7
11002061636,Condenser Assy GS-18PITH11W/GS- 12PITH21/ GS-18PITC12W-T3 11002061636 / 1100200142,GS-18PITH11W,23000.0,-3,7
11002061782,Condenser Assy GS-12AITH23S-T3/W 11002061782,GS-12AITH23S-T3,36000.0,0,7
11002061904,Condenser Assy GS-18CM11 11002061904,GS-18CM11,18000.0,-1,7
1100206201101,Condenser Sub-Assy (62620) GF- 24TFIH-T3 1100206201101,GF-24TFIH-T3,38000.0,0,7
110060025,Connecting Rod Â GS-18AITH23S-T3 110060025,GS-18AITH23S-T3,2200.0,0,7
11012025,Health Air Cleaner Screen 11012025,GS-12ECH10,156.0,-1,7
1103000040,Condenssor Assy 12LM5 /12EMC 1103000040,GS-12LM5,14000.0,0,7
1105657,Condenser Assy GF-24IPH 1105657,GF-24IPH,30000.0,-1,7
1112221004,Health Filter 1112221004,GS-12CZ9S,300.0,-1,7
11201007000005,Outdoor tempreture sensor ES- 12/18/24AR01W 11201007000005,ES-18AR01W,1500.0,1,7
11201007000069,Outdoor tempreture sensor ES- 24AR01W 11201007000069,ES-24AR01W,1500.0,0,7
11220506000009,Drain Pipe ES-18DU01W / 18EM01W 11220506000009,ES-18DU01WG,900.0,0,9
11220513000065,Cross Flow Fan ES-12EMC1WS 11220513000065,ES-12EMC1WS,1600.0,0,9
11222004001169,Outdoor Electric Box Controller Assembly ES-18EMO1WS 11222004001169 *Alternate Part Code # 11222031001362)*,ES-18EM01WS,17888.0,-1,9
11222014000608,display board 12DU01W 12EM01W 18DU01W 18EM01W 11222014000608,ES-12DU01WG,2500.0,1,9
11222014000650,Display Board (47247) ES- 18GS01W/18EMC1WS/12DU02/24DU0 2 MODELS 11222014000650,ES-18GS01W,2500.0,5,9
11222031001197,PCB ES-18CRO1W 11222031001197,ES-18CR01W,27000.0,14,9
11222031001349,OD Main Board ES-12EM01W / ES- 12DU01W (56972) 11222031001349,ES-12EM01WS,20000.0,-1,9
11222031001362,PCB ODU 18DU01W/O (57483) 11222031001362,ES-18DU01GC,27000.0,-23,9
11222031001369,Outdoor PCB ES-24DU01W 11222031001369,ES-24DU01WC,35500.0,10,9
11222031001764,OUTDOOR Main Board ES-18PR02WT3 11222031001764,ES-18PR02WT3,40000.0,-3,9
11222031001796,Outdoor PCB EF-24GL02S 11222031001796,EF-24GL02S,35000.0,-1,9
11222062000021,Wifi Device ES-18GS01W 11222062000021,ES-18GS01W,2900.0,-3,9
11222062000032,WIFI Module Device 12K/18K/24K Prince T3 11222062000032,ES-18PR01WEAE,2900.0,0,9
11222062000044,WIFI Module Device 12K/18K/24K Prince T3 (62531) 11222062000044,ES-18PR01WEAE,2900.0,19,9
11222541000113,Outdoor PCB EK-48IH01-I 11222541000113,EK-48IH01-I,35282.0,-1,9
11222542000046,Indoor PCB EK-48IH01- 11222542000046,EK-48IH01-I,38350.0,-1,9
11223003000412,Compressor 12DU01W/12EM01W 11223003000412,ES-12DU01WG,35000.0,-2,9
11224003000900L,Evaporator Assembly ES-18NVO1WT3 11224003000900L,ES-18NV01WT3,24000.0,0,9
11224003000931,Evaporator Assembly (61890) ES- 18AR02/NV02WT3 11224003000931,ES-18AR02WT3,20000.0,1,9
11225506002108,Capillary Assembly ES-18DU01W/ES- 18EM01W 11225506002108,ES-18DU01WG,1000.0,-1,9
11225506002261,Capillary Assembly ES-12PR02WT3 11225506002261,ES-12PR02WT3,1500.0,-1,9
11225516001230,4-way valve tubing assembly ES- 18DUO1W / ES-18AR02WS / ES- 18NV02WT3 11225516001230,ES-18DU01WG,5032.0,1,11
11225516001239,4-way valve tubing assembly 11225516001239 24DU01W,ES-24DU01WG,2000.0,-3,11
11225516001303,4-way valve tubing assembly EF- 24GL02S 11225516001303,EF-24GL02S,7000.0,0,11
11225516001327,4-Way Valve Tubing Assembly ES- 18PR02WT3 11225516001327,ES-18PR02WT3,6000.0,-5,11
11225516001334,4 way Valve ES-24PR02WT3/O (59665) ES-24AR01WT3 / ES-24NV01WT3 11225516001334,ES-24PR02WT3,6500.0,0,11
11225517000006,Stop Valve EF-24GL02S 11225517000006,EF-24GL02S,1500.0,0,11
11225517000089,Stop Valve ES-12PR02WT3 11225517000089,ES-12PR02WT3,2000.0,-2,11
11225517000091,Stop valve ES-18PR02WT3 / ES- 18AR01T3 / ES-18NV01WT3 11225517000091,ES-18PR02WT3,1000.0,-5,11
11230002000069,Indoor Step Motor ES-18DU01W 11230002000069,ES-18DU01WG,1300.0,-1,11
11230002000070,Indoor Step Motor ES-24DU01W 11230002000070,ES-24DU01WG,1300.0,-1,11
11230002000146,STEPPER MOTOR ES-24DU01W 11230002000146,ES-24DU01WG,3000.0,9,11
11230002000152,Stepping motor 18DU01W 18EM01W 11230002000152,ES-18DU01WG,1500.0,-12,11
11230002000152,step motor ES-18GS01W 18DU01W 18EM01W 11230002000152,ES-18GS01W,1500.0,-3,11
11230002000190,11230002000190 Stepper motor ES- 18PR02W-T3,ES-18PR02WT3,970.0,-1,11
11320088000055,Middle frame trim bar (light platinum grey) ES-24DU01W 11320088000055,ES-24DU01WG,910.0,-5,11
11325007000128,4-Way Valve ES-18EM01W / ES- 18DU01W 11325007000128,ES-18EM01WS,3500.0,5,11
11329013000103,Temperature Sensor 12DU01W 12EM01W 18DU01W 18EM01W 11329013000103,ES-12DU01WG,1700.0,-24,11
11329013000118,Outdoor Temperature Sensor (55309) ES-18AR02 / 18NV02WT3 / 12DU01W 12EM01W 18DU01W 18EM01W ES- 18DU02 11329013000118,ES-12DU01WG,1500.0,-11,11
11329013000131,Outdoor Tempreture Sensor ES- 24DU01W / ES-24AR02WT3 / ES- 2402WT3 11329013000131,ES-24DU01WG,1500.0,0,11
11330025000087,"Compressor connecting wire ES- 24DU01WG/ES-24DU02,ES-24EM02 11330025000087",ES-24DU01WG,2000.0,-2,13
1163019,Condenser Assy GS-12CZ7 1163019,GS-12CZ7,14000.0,0,13
117300007,Thermostat (Cold Tank) GY- LRS22B117300007,GY-LRS22BWithFridge,2400.0,4,13
117300026,Temperature Controller 86Â°c GW- JL500F With Fridge 117300026,GW-JL500FWithFridge,250.0,-1,13
117800032,Compressors GW-JL500F 117800032,GW-JL500FWithFridge,10450.0,0,13
12022060011,Outdoor Front Panel GS-18PITH21W- T3/GB/24CM11 12022060011,GS-18PITH21W-T3,3000.0,1,13
12073061611P,Outdoor Front Panel GS-24PITH21W- T3/GB/18AITH/24VTIH 12073061611P,GS-24PITH21W-T3,4000.0,1,13
12510002701,Spilit Flow cover JL500F 12510002701,GW-JL500FWithFridge,1000.0,-2,13
1264240003,Condenser GW-JL500F 1264240003,GW-JL500FWithFridge,1919.0,1,13
1284000755,Smart Block WD-300 1284000755,WD-300,1000.0,1,13
128400867,Hot Tank 128400867 GW-JL400FC,GW-JL400FC,1200.0,-3,13
12840390801,Smart Block (Cap) GW-JL500 12840390801,GW-JL500FWithFridge,1200.0,-19,13
128404581,Front case GW-JL500F 128404581,GW-JL500FWithFridge,1600.0,0,13
128404584S,Top Cover GW-JL500F 128404584S,GW-JL500FWithFridge,1000.0,0,13
128404771,Water Faucet GW-JL500F 128404771,GW-JL500FWithFridge,500.0,1,13
128404844P03,Button (Right) (Cool) GW- JL500F128404844P03,GW-JL500FWithFridge,500.0,-2,13
128404845P03,Button(middle) (Normal) GW-JL400FS (37811) 128404845P03,GW-JL500FWithFridge,500.0,-10,13
128990795,Cover of Valve Core GW-JL500F 128990795,GW-JL500FWithFridge,250.0,0,13
128990865,Sealing Rings GW-JL500 128990865,GW-JL500FC,900.0,-1,13
13222002000498,Indoor Main controller ES-24CR01W 13222002000498,ES-24CR01W,8500.0,1,13
13222002005457,Indoor Main Controller ES-12DU01WG 13222002005457,ES-12DU01WG,10000.0,-1,13
13222002005459,Indoor Main Controller /(9005480 PCB)ES-18DU/EM01W 13222002005459,ES-18DU01WG,13000.0,-19,13
13222002006059,Indoor Main Controller 24DU01W (59544) 13222002006059,ES-24DU01WG,15000.0,3,13
13222004000447,Outdoor Main Controller ES- 12DU01WG (57469) 13222004000447,ES-12DU01WG,25000.0,2,15
13222004000448,Outdoor Main Controller (OD) ES- 18DU01W / ES-18EM01W 13222004000448,ES-18DU01WG,26000.0,-7,15
13222004000468,Outdoor Main Controller 24DU01W (59540) 13222004000468,ES-24DU01WG,45500.0,-2,15
13222004000589,Outdoor Main Controller Assembly (59545) ES-12PR02WT3 13222004000589,ES-12PR02WT3,22000.0,1,15
13222004000644,Outdoor Main Controller ES- 18NV01WT3/ES-18AR01WT3 13222004000644,ES-18NV01WT3,35000.0,10,15
13222004000652,OD Main Controller ES-18NV02WT3/ES- 18AR02WT3 (62560) 13222004000652,ES-18NV02WT3,30000.0,5,15
13222004000675,Outdoor Main Board ES- 12AR01WT3/ES-12NV01 (62320) 13222004000675,ES-12AR01WT3,32000.0,10,15
13222004000676,OD Main Controller ES-24DU02WC/ES- 24EM02WS (62564) 13222004000676,ES-24DU02WC,35000.0,0,15
13222004000677,OD Main Controller (62563) ES-12DU02 / ES-12EM02 / ES-12EMC1WS / ES- 10EMC1WS (62563) 13222004000677,ES-12DU02WC,32000.0,15,15
13222005000107,Indoor Electric Box (62368) ES- 24AR01/ES-24NV01/ES-18AR02/ES- 18NV02/ES-24AR02/ES-24NV02 13222005000107,ES-24AR01WT3,14000.0,4,15
13222005000639,Indoor Electric Box ES-18DU02/ES- 18EM02 13222005000639,ES-18EM02WS,12000.0,4,15
13222005000647,Indoor Electric Box (62372) ES- 12DU02/ES-12EM02 13222005000647,ES-12EM02WS,10000.0,4,15
13222005000648,ID Main Controller (62554) ES- 12DU02/ES-12EM02 13222005000648,ES-12DU02WC,10000.0,10,15
13222005000650,Indoor Main Controller ES- 24EM02WS/ES-24DU02 13222005000650,ES-24EM02WS,14000.0,3,15
13222005000655,ID Main Controller ES-18NV01WT3/ES- 18AR01 (61936) 13222005000655,ES-18NV01WT3,7000.0,1,15
13222005000656,ID Main Controller ES- 12AR01WT3/12NV01WT3 (61937) 13222005000656,ES-12AR01WT3,10000.0,1,15
13222009005943,IN DOOR PCB ES-12DU01WG 13222009005943,ES-12DU01WG,5500.0,0,15
13223003000070,Compressor ES-12CR01W 13223003000070,ES-12CR01W,20000.0,0,15
13223003000144,Compressor (KSN140D53UFZM3-R32- R410) ES-18DU01W 13223003000144,ES-18DU01WG,50000.0,-5,17
13223003000173,"Compressor (Midea KTN150D43UFZC31) ES-24DU02,ES- 24EM02 (62548) 13223003000173",ES-24DU02WC,32000.0,0,17
13223003000174,Compressor (59501) ES- 18PR02WT3/ES-18AR01/ES- 18NV01/ES-18AR02/ES-18NV02 13223003000174,ES-18PR02WT3,45000.0,2,17
13223004000013,Compressor ES-24DU01W/EF-24IB01W 13223004000013,ES-24DU01WG,53000.0,-1,17
13224003002049,Evaporator Assembly ES-18AR02WT3 13224003002049,ES-18AR02WT3,24000.0,1,17
13224003002153,Evaporator Assembly ES-18AR01WT3 13224003002153,ES-18AR01WT3,24000.0,0,17
13224003002338,Evaporator Assembly EF-24IB01W 13224003002338,EF-24IB01W,40000.0,-1,17
13224003002448,Evaporator Assembly ES-24PR02WT3 13224003002448,ES-24PR02WT3,35000.0,4,17
13224003002507,Evaporator Assembly ES-18PR02WT3 (59455) 13224003002507,ES-18PR02WT3,24000.0,-8,17
13224003002560,Evaporator Assembly ES-12PR02WT3 13224003002560,ES-12PR02WT3,20000.0,0,17
13224003002740,Evaporator Assembly ES- 12EMC1WS/12DU02/12EM02 13224003002740,ES-12EMC1WS,20000.0,0,17
13224004001745,Condenser assembly EF-24GL01W 13224004001745,EF-24GL01W,25000.0,1,17
13224004002617,Condenssor Assy (62847) ES- 18NV02WT3 13224004002617,ES-18NV01WT3,35000.0,1,17
13224004002779,Condenser Assembly (59452) EF- 24IB01W 13224004002779,EF-24IB01W,45000.0,0,17
13224004002937,Condeser Assembly ES-18PR02WT3 13224004002937,ES-18PR02WT3,35000.0,-2,17
13225516000041,4-way valve tubing assembly EF- 24IB01W 13225516000041,EF-24IB01W,11920.0,1,17
13225516000042,4 Way Valve ES-12PR02WT3 13225516000042,ES-12PR02WT3,6200.0,2,17
133000388,Cold tank Sub-assy 133000388 (39274) GW-JL500F,GW-JL500FC,3761.0,-2,17
13320023804,Hot Tank JL500F 13320023804,GW-JL500FWithFridge,3500.0,1,17
13320026000021,Outdoor Grille 18DU01W / ES- 18AR02WT3 / ES-18NV02WT3 / ES- 24AR02WT3 / ES-18NV02WT3 13320026000021,ES-18DU01WG,1800.0,1,17
13330003000103,Indoor Fan Motor ES-12DU02/ES- 12EM02/ES-10EMC1WS/ES-12EMC1WS 13330003000103,ES-12DU02WC,4500.0,0,19
13330005000023,Outdoor Fan Motor ES-18DU01W 13330005000023,ES-18DU01WG,7000.0,-1,19
13330005000029,Indoor Motor ES-18DUO1WG/ES- 18DU02/ES-18EM02/ES-18AR01/ES- 18NV01/ES-18EMC1WS 13330005000029,ES-18DU01WG,9500.0,-8,19
13330005000030,Outdoor Fan Motor ES-12DU01WG/ES- 10EMC1WS/ES-12EMC1WS/ES- 12DU02/ES-12EM02/ES-12AR02/ES- 12NV02 13330005000030,ES-12DU01WG,6500.0,-2,19
13330005000039,Indoor Fan Motor ES-24PR02W/ES- 24DU02/ES-24EM02/ES-24AR01/ES- 24NV01/ES-18AR02/ES-18NV02/ES- 24AR02/ES-24NV02 13330005000039,ES-24PR02WT3,10000.0,5,19
13330005000059,Indoor Fan Motor ES-12PR02WT3 / ES- 12AR01WT3 / ES-12NV01WT3 13330005000059,ES-12PR02WT3,5000.0,10,19
13333041000363,Air louver Horizontal ES-12EMC1WS 13333041000363,ES-12EMC1WS,1000.0,2,19
13500009,ID Rear Case Sub-Assy (45439) GF- 24ISH 13500009,GF-24ISH,15000.0,1,19
136060110LW,Air Outlet (Upper) GS- 12PITH1W/2W/11W (53799) 136060110LW,GS-12PITH1W,1000.0,1,19
136060111LW,Air Grill (Lower) GS- 12PITH1W/2W/11W (53615) 136060111LW,GS-12PITH1W,660.0,0,19
136060116LW,Guide Louver 136060116 24PITH11W (Upper) (53805),GS-24PITH11W,1500.0,1,19
136060117LW,Guide Louver 136060117 24PITH11W (Lower) (53796),GS-24PITH11W,1500.0,1,19
136060118LW,Indoor Guide Louver (Upper) GS- 18PITH11W 136060118,GS-18PITH11W,850.0,0,19
136060119LG,Indoor Guide Louver (Lower) GS- 18PITH11G 136060119G,GS-18PITH11G,814.0,-1,19
136060119LW,Indoor Guide Louver (Lower) 136060119 GS-18PITH11W,GS-18PITH11W,1250.0,0,19
150101060282,Indoor Fan Motor GS-12PITH1W/ GS- 12CM11 / GS-12PITCW 150101060282,GS-12PITH1W,5500.0,0,19
15010106050401,Outdoor Fan Motor GS-12PITH11W/GS- 12PITH21GB-T3 / GS-12PITC12W-T3 15010106050401,GS-12PITH11W,7000.0,-1,19
15010400000102,Outdoor Brushless DC Motor 36TFIH/GS-26AITH23S-T3 15010400000102,GF-36TFIH,15000.0,-1,21
15010400000102,Outdoor Fan Motor GF-36TFIH 15010400000102,GF-36TFIH,15000.0,0,21
15010406008801,Brushless DC Motor 18CM/18AITH23S/18PITH21 15010406008801,GS-18CM11,8500.0,0,21
15010406008801,Indoor Brushless DC Motor GS- 24PIT10W/18PITH21W/S- T3/18CM11/18AITH23W 15010406008801,GS-24PIT10W,8500.0,0,21
150104060095,Outdoor Brushless DC Motor GS- 18PIT10W//GS-12AITH23S-T3 150104060095,GS-18PIT10W,5500.0,0,21
150104060116,Indoor Brushless DC Fan Motor GS- 26AITH23S-T3/GS-24CM11GS-24AITH 150104060116,GS-26AITH23S-T3,8000.0,0,21
15012086,Step Motor GS-18CZ / GS-18CITH1 15012086,GS-18CITH1,2000.0,-5,21
15012098,Indoor Fan Motor GS-24CZ6/7/8 / GS- 24CITH1/2 15012098,GS-24CZ8W,8000.0,-4,21
15012143,Indoor Fan Motor GF-24ISH (1501214312) 15012143,GF-24ISH,18000.0,0,21
1501214312,Indoor Fan Motor GF-24ISH 15012143/1501214312,GF-24ISH,18000.0,7,21
1501214502,Indoor Fan Motor 18/24LM 1501214502,GS-18LM4,7000.0,-1,21
1501214508,Indoor Fan Motor 1501214508 18FITH7S / GS-18PITC12W-T3,GS-18FITH7S,7000.0,-7,21
1501403302,Brushless DC Motor GF-24VTIH 1501403302,GF-24VTIH,18000.0,-1,21
1501420206,Outdoor Fan Motor 24CD 1501420206,GF-24CD,7500.0,1,21
1501442501,Indoor Fan Motor GF-48TFIH 1501442501,GF-48TFIH,40000.0,-1,21
1521200606,Indoor Stepping Motor GS-18PIT10W/I / GS-18PITC12W-T3 1521200606,GS-18PIT10W,1000.0,0,21
1521200606,Stepping Motor GS-18PIT11G/GS- 18PITH21GB-T3/ GS-18PITC12W-T3 1521200606,GS-18PITH2W,2000.0,1,21
1521200607,Indoor Step Motor GS- 12PITH11G/21GB/24GB/24W GS- 12PITCW 1521200607,GS-12PITH11G,2000.0,-4,21
1521210704,Stepping Motors 24LITH11M/All- PITH/All-AITH / GS-12PITCW 1521210704,GS-24LITH11M,2000.0,4,21
1521210712,Stepping Motor gs-12fith1c/GS- 12CM11/GS-24PITH21GB-T3 / GS- 24PITC12W-T3 1521210712,GS-12FITH1C,2000.0,47,23
1521210718,Stepping Motor GS-12AITH23S-T3 1521210718,GS-12AITH23S-T3,1500.0,-2,23
1521212901,Step Motor 12ECH10/GS-12CZ6 1521212901 MP24AA-12v,GS-12ECH10,2000.0,0,23
1521212901,Stepping Motor 11CITH/12CZ 1521212901 MP24AA - 12V,GS-11CITH3F,2000.0,-62,23
1521240210,Indoor Stepping Motors 1521240210 GS-24AITH11W / GS-24ZITH1W,GS-24AITH11W,2000.0,-1,23
1521240212,Step Motor 18LM4/5/GS-18CM11/GS- 18FITH5WB 1521240212,GS-18LM4,2000.0,-4,23
1521401501,Step Motors 24IPH 1521401501,GF-24IPH,3000.0,0,23
15214211,Stepping Motor 24TFH 15214211,GF-24CB,3000.0,1,23
15704100001,Brushless DC Motor GUD71PS/A-S /GTH09K3FI,GTH09K3FI,30965.0,0,23
1570410001301,Outdoor Fan Motor GF-48TFIH 1570410001301,GF-48TFIH,27000.0,1,23
15822000008189,Evaporators ES-12AR01W 15822000008189,ES-12AR01W,20000.0,6,23
17122000020110,Indoor Main control board subassembly ES-12AR01W 17122000020110,ES-12AR01W,6000.0,1,23
17222000025448,Outdoor Main Board Subassembly ES- 18AR01W 17222000025448,ES-18AR01W,28000.0,1,23
18006440005,Cold tank GW-JL500F 18006440005,GW-JL500FWithFridge,2000.0,-1,23
18009840003,Cap of Water faucet GW-JL500F (41844) 18009840003,GW-JL500FC,100.0,-4,23
200001060041,Rear Case GS-24PITH1W 200001060041,GS-24PITH1W,5000.0,-1,23
200003060167T,Indoor Front Panel GS- 24PITH2W/1W/11W 200003060167T / 6200003060167TLW,GS-24PITH2W,4500.0,1,23
200003060252TLS,Indoor Font Panel GS-24PITH14S 200003060252TLS,GS-24PITH14S,4500.0,1,23
200007060053,Indoor Air Louver 2 GS-18PIT10W/I GS- 18PITC12W-T3 200007060053,GS-18PIT10W,130.0,1,23
200008L,Compressors and Fitting 48FWH 200008L,GF-48FWH,87000.0,0,23
200033060002,Indoor plug pin GS-18PITH1W 200033060002,GS-18PITH1W,50.0,-22,23
20007060051,Air Louver 56398 GS-18PITH11W / GS- 18PITC12W-T3 20007060051,GS-18PITH11W,150.0,1,23
2010300608,Outdoor Electric Box Assy 18FITH/18FITH11W 2010300608,GS-18CITH1,30000.0,0,23
205262,Compressor and Fittings 18CITH 205262,GS-18CITH1,55000.0,0,23
206028905,Front Case Assy GS-24PITH21GB-T3 206028905,GS-24PITH21GB-T3,5000.0,-1,25
2060384,Front Case Assy GS-12PITH21W-T3 2060384,GS-12PITH21W-T3,2500.0,-1,25
2072060191LW,Indoor Front Case GS-24PITH11W (53820) 2072060191LW,GS-24PITH11W,6250.0,0,25
207ES10118008,Cross Flow Fan ES-18DUO1WG/I 207ES10118008,ES-18DU01WG,2500.0,0,25
207ES20118009,Axial Flow Fan ES-18DU01W / ES- 18EM01WS / ES-18NV01W-T3 207ES20118009,ES-18DU01WG,1700.0,0,25
209007060044LW,Front Case Sub-assy GS-12PITH1W/I (53814) 209007060044LW,GS-12PITH2W,2500.0,0,25
20906900008,Indoor Top Cover Sub-Assy GF-24TFIH 20906900008,GF-24TFIH,2000.0,-1,25
26113009,Drainage Joint26113009,GS-18CITH1,25.0,50,25
2P.DI061.A,T350 Left frame hinge EW-T1004MG / EW-T1002JB 2P.DI061.A,EW-T1004MG,250.0,0,25
2P.DI062.A,T350 right frame hinge EW-T1004MG / EW-T1002JB 2P.DI062.A,EW-T1004MG,250.0,-6,25
2P.DI064.B,T350 Main Body of Spin Cover EW- T1002JB / EW-T1004JB 2P.DI064.B,EW-T1002JB,1000.0,0,25
2Q.AKM010.A,Down Detergent Box EW-F9504DC / EW-F1202DC 2Q.AKM010.A,EW-F9504DC,300.0,0,25
2Q.CQ69010,Filter Board EW-F1202DC/T680P EW- F9502DC 2Q.CQ69010,EW-F1202DC,400.0,1,25
2Q.CQ69018,Left Damper base EW-F9502DC / EW- F9504DC / EW-F1202DC / EW-F1204DC 2Q.CQ69018,EW-F9502DC,150.0,4,25
300001000134,Display Board 18LITH11M 300001000134,GS-18LITH11M,3000.0,0,25
300001000195,Display Board GF-36TFIH/ GF-24TFIH 300001000195,GF-36TFIH,4500.0,-1,25
300001000197,Indoor Display Board GF-48TF (55747) 300001000197,GF-48TF,3000.0,2,25
300001000202,Display Board Other HA Model 300001000202,OtherHAmodel,1109.0,-1,25
300001060401,Display Board 24FITH6G 300001060401,GS-24FITH6G,3000.0,-3,25
300001060574,Display Board GS-24PITH2W 300001060574,GS-24PITH2W,3000.0,-4,25
300001060575,Display board GS-18PITH1W 300001060575,GS-18PITH1W,3000.0,-1,25
300001060895,Display Board GS-12CM11/GS- 18CM11/24CM 300001060895,GS-12CM11,2000.0,-3,25
300002000369,Indoor Main Board 12CITH11B 300002000369,GS-12CITH11B,5500.0,-2,27
300002000688,Indoor Main Board GF-48TFIH 300002000688,GF-48TFIH,12000.0,-1,27
300002060135,Indoor PCB 24ISH 300002060135,GF-24ISH,8500.0,0,27
300002060178,Indoor Main Board 18FITH1C 300002060178,GS-18FITH1C,5500.0,2,27
300002060668,Indoor Main Board 300002060668 18FITH7,GS-18FITH7S,6500.0,3,27
300002060670,Indoor main board GS-24FITH1C 300002060670,GS-24FITH1C,7500.0,0,27
300002061198,Indoor Main Board 18PITH1W/24PITH1W/24PITH21GB/W 300002061198,GS-18PITH1W,6500.0,-40,27
300002061199,Indoor pcb GS-12PITH1W/21/GS- 12PITH21GB-T3 300002061199,GS-12PITH1W,6800.0,-10,27
300002061199R,Refurbished Indoor PCB12PITH1W / 12PITH1W 300002061199R,GS-12PITH1W,2500.0,0,27
300002061303,Indoor Main Board GS- 12PIT10W/I/12PITCW/ GS-12PITCW 300002061303,GS-12PIT10-W,5000.0,5,27
300002061783,Indoor Main Board GS-18PIT10W/I GS- 18PITC12W-T3 300002061783,GS-18PIT10W,5200.0,5,27
300002061856,Indoor Main Board 18PITH11W 300002061856,GS-18PITH11W,6500.0,35,27
300002062359,Indoor PCB GUD50T1/B-S 300002062359,GUD50T1/B-S,31000.0,0,27
300002062442,Indoor PCB GF-24TFIH 300002062442,GF-24TFH,8500.0,-1,27
300002062460,Indoor Main Board GF-36TFIH 300002062460,GF-36TFIH,11000.0,1,27
300002062528,Indoor Main Board GS- 12PITH15/16/17/18 W-T3 300002062528,GS-12PITH18G-T3,5500.0,10,27
300002062569,Indoor Main Board GF-24TFH 300002062569,GF-24TFH,4000.0,0,27
300002062614,Indoor Main Board GS- 18PITH15/16/17/21B/G/ GS- 24PITH15/16/17 B/G-T3 300002062614,GS-18PITH21GB-T3,6500.0,20,27
300002062615,Indoor Main Board GS-24PIT10W/I GS- 24PITC12W-T3 300002062615,GS-24PIT10W,5500.0,3,27
300002062903,Indoor Main Board GS-24LM6L/I 300002062903,GS-24LM6L,5300.0,0,27
300002063247,Indoor Main Board GS-18CM11/GS- 24CM11/CM12 300002063247,GS-18CM11,6500.0,-3,27
300002063415,Main Board GS-12CM11/1CM12 300002063415,GS-12CM11,5500.0,0,27
300002063714,Indoor Main Board GS-12AITH23S-T3 300002063714,GS-12AITH23S-T3,5000.0,0,29
300002064034,Indoor Main Board GS-26AITH23S- T3/GS-18AITH23W-T3 300002064034,GS-26AITH23S-T3,7000.0,-2,29
300002064304,Main Board GF-24VTIH 300002064304,GF-24VTIH,5000.0,0,29
300002064859,Indoor Main Board GS-18AITH23S- T3/GS-12AITH21W-T3/24AITH 300002064859,GS-18AITH23S-T3,6500.0,4,29
300002065053,Indoor Main Board GS-12AITH24W- T3/18AITH/24AITH 300002065053,GS-12AITH24W-T3,5500.0,9,29
300027000023,Outdoor Main Board 24CITH11/12G 300027000023,GS-24CITH12G,42000.0,-4,29
300027000142,Outdoor Main Board 18CITH2G 300027000142,GS-18CITH2G,40000.0,-1,29
300027000417,Outdoor Main Board GS-18CITH11S / GS-18CITH12G 300027000417,GS-18CITH11S,40000.0,-8,29
300027000418,"Outdoor Main Board 12CITH11B 300027000418, Electric box # 100002002251 18+",GS-12CITH11B,26000.0,-1,29
300027000531,Outdoor Main Board 18AITH11 18FITH1 300027000531,GS-18AITH11W,40000.0,-3,29
300027000546,Outdoor Main Board GS-24AITH11W / GS-24FITH4W 300027000546 / 60102 24ish,GS-24AITH11W,42000.0,0,29
300027060102,Outdoor Main Board GF-24ISH 300027060102,GF-24ISH,45000.0,3,29
300027060233,Outdoor PCB 12FITH1C 300027060233,GS-12FITH1C,26000.0,-1,29
300027060279R,Outdoor PCB GUD71W1/A1-K / GU50W/A1-K 300027060279R,GU50W/A1-K,10000.0,0,29
300027060569,Main Board GUD71W/A1-S / GUD100T/A-S 300027060569,GUD71W/A1-S,63072.0,-1,29
300027060591,Outdoor Main Board 300027060591 GS-18FITH5WB,GS-18FITH5WB,40000.0,-6,29
300027060876,Outdoor Main Board 24PITH2W / 24FITH6C 300027060876,GS-24PITH2W,42000.0,0,29
300027060934,Outdoor Main Board 12PITH1W 300027060934,GS-12PITH1W,22000.0,-1,29
300027061049,Outdoor Main Board 18PITH1W 300027061049,GS-18PITH1W,35000.0,4,29
300027061547,Outdoor Main Board 24PITH11/12 300027061547,GS-24PITH11W,35000.0,8,29
300027061643,Outdoor Main Board GS-12PITH21W- T3/ GS-12PITH21GB-T3 300027061643,GS-12PITH21W-T3,22000.0,-2,29
300027061686,Outdoor Main Board GS-18PITH11W 300027061686,GS-18PITH11W,32000.0,37,29
300027061958,Outdoor PCB GF-24TFIH 300027061958,GF-24TFIH,42000.0,-3,31
300027062107,Outdoor Main Board GS-12PIT10W 300027062107,GS-12PIT10-W,16000.0,1,31
300027062262,Main Board GS-26AITH23W-T3 300027062262,GS-26AITH23W-T3,25000.0,-3,31
300027062445R,Outdoor PCB Refurbished 300027062445R GUD140W1/NHB-X,GUD140W1/NHB-X,70000.0,0,31
300027062460,Outdoor Main Board GS-18PITH21W-T3 300027062460,GS-18PITH21W-T3,40000.0,2,31
300027062660,Outdoor Main Board W9241BU GS- 24PITH10W 300027062660,GS-24PIT10,34000.0,1,31
300027062670,Outdoor Main Board GS-18PITH10W/O / GS-18PITC12W-T3 300027062670,GS-18PIT10-W,32000.0,4,31
300027063129,Main Board GS-12AITH23S-T3 300027063129,GS-12AITH23S-T3,15000.0,-1,31
300027063261,OD Main Board Â GS-18AITH23W-T3 300027063261,GS-18AITH23W-T3,40000.0,-3,31
300027063635,Outdoor Main Board GS-18AITH24W-T3 300027063635,GS-18AITH24W-T3,40000.0,2,31
300027064147,Main Board GF-24VTIH 300027064147,GF-24VTIH,20000.0,-1,31
300027064536,"Outdoor Main Board GS-12PITH18G- T3(15,16,17) 300027064536",GS-12PITH18G-T3,26000.0,9,31
300027064576,Outdoor Main Board GS-18ZITH1W-T3 300027064576,GS-18ZITH1WT3,40000.0,4,31
300027065140,Outdoor Main Board GS-18AITH21B-T3 300027065140,GS-18AITH21B-T3,40000.0,1,31
300027065299,Outdoor Main Board GS-24PITH21GB- T3 / GS-24PITH15/ GS-24PITH16 /GS- 24PITH17 300027065299,GS-24PITH21GB-T3,42000.0,1,31
300027065504,Outdoor Main Board GS-18PITH21GB- T3 / GS-18PITH15 / GS-18PITH16 / GS- 18PITH17 W-T3 300027065504,GS-18PITH21GB-T3,40000.0,25,31
300028000714,Repaired PCB Other HA Brannd 300028000714,OtherHAmodel,3500.0,0,31
3000600141,Capillary Sub-assy 18LITH11M 3000600141,GS-18LITH11M,875.0,-6,31
3000600327,Capillary Sub Assy 12CITH11 3000600327,GS-12CITH11B,1250.0,-1,31
30026060918,Electric Expansion Valve Sub-Assy GS- 12AITH23S-T3 30026060918,GS-12AITH23S-T3,3000.0,-1,31
30037508,Indoor Main Board 30037508 GS-18CE,GS-18CE,6000.0,4,31
30040032,Switch Board GF-24ISH/I 30040032,GF-24ISH,2500.0,3,31
3005160,EOL PNA (CHINA SUPPLIER ) Capillary Sub Assy 48FW 3005160 / 3004017 / 300506305,GF-48FW,4500.0,1,33
3005454,Capillary Sub-Assy GF-24CDH 3005454,GF-24CDH,1875.0,-1,33
30135000139,Indoor Main Board 18LM8L 30135000139,GS-18LM8L,5500.0,3,33
30135000140,Indoor Main Boiard 12LM4L 30135000140,GS-12LM4L,4500.0,1,33
30135091R,Refurbished Indoor Main Board Other HA Brand 30135091R,OtherHAmodel,2000.0,0,33
30138000014,Indoor PCB 18CITH1/2 30138000014,GS-18CITH2,6500.0,5,33
30138000723,Indoor Main PCB 11CITH3F 30138000723,GS-11CITH3F,5500.0,3,33
30148389,Outdoor Main Board 12CITH1 30148389,GS-12CITH1,26000.0,2,33
30152000187,4-Way Valve Assy 30152000187 GS- 18CITH2GNEW/18CITH12G,GS-18CITH12G,7500.0,0,33
30152060381,4 Way valve assy GS-24PITH1W 30152060381,GS-24PITH1W,7500.0,0,33
30152060393,4-Way Valve Assy 12PITH2W 30152060393,GS-12PITH2W,4000.0,-2,33
30152060500,4-Way Valve Assy 18PITH1W/O 30152060500,GS-18PITH1W,6500.0,1,33
30152060681,4-Way Valve Assy GS-12PITH21GB-T3 30152060681,GS-12PITH21GB-T3,4600.0,2,33
30152060707,4-Way Valve Assy GF-24VTIH 30152060707,GF-24VTIH,6600.0,0,33
30152060734,4-Way Valve Assy GS-12AITH23S-T3 30152060734,GS-12AITH23S-T3,4600.0,3,33
30152060743,4-Way Valve Assy GS-18PITH21GB-T3 30152060743,GS-18PITH21GB-T3,6800.0,-1,33
30152060798,4-Way Valve Assy GS-24PITH21W-T3 30152060798,GS-24PITH21W-T3,7000.0,-2,33
30152060810,4-Way Valve Assy GS-26AITH23S-T3 30152060810,GS-26AITH23S-T3,7500.0,-2,33
30152060850,4-Way Valve Assy GS-12PITH21GB- T3/12PITH21-T3 30152060850,GS-12PITH21GB-T3,5000.0,3,33
30152060878,4-Way Valve Assy GS-24PITH21GB-T3 30152060878,GS-24PITH21GB-T3,7500.0,-2,33
30152060903,4-Way Valve Assy GS-26AITH23S-T3 30152060903,GS-26AITH23S-T3,7000.0,-1,33
30152061314,4-Way Valve Assy GS-18AITH23S-T3 30152061314,GS-18AITH23S-T3,6500.0,0,35
30174000047,Electronic Expansion Valve assy GS- 18CITH12 30174000047,GS-18CITH12G,3750.0,-1,35
30174060247,Electronic Expansion Valve assy GF- 24VTIH 30174060247,GF-24VTIH,3600.0,-1,35
30224000028,Main Board GUHD24NK3FO / GFH48K3BI / GKH24K3HIÂ Â / GKH36K3BI,GKH36K3FI,28000.0,0,35
30224000084,Main Board,GUHN12NK3HO,14947.0,-2,35
30228000042,Outdoor Main PCB 48FWITH 30228000042,GF-48FWITH,57000.0,-2,35
305001000125,Remote Control 24ISH 305001000125,GF-24ISH,3000.0,-4,35
305001060145,Remote Controller GF-36TFIH/I 305001060145,GF-36TFIH,2200.0,5,35
305100491,Remote Control 18cz 305100491,GS-18CZ6,2500.0,0,35
30510408,Remote Control 30510408 GS- 12LITH11M,GS-12LITH11M,2500.0,-4,35
30510474,Remote Control LOMO Series 30510474,GS-12LM4,2500.0,-2,35
30565007,Display Board GS-12CITH1 30565007,GS-12CITH1,3000.0,-3,35
30565260,Display Board 12LM4 / 12AITH 30565260,GS-12LM4,3000.0,-1,35
3060365LW,Indoor front panel assy GS-12PITH1W 3060365LW,GS-12PITH1W,3200.0,2,35
3060540LW,Front Panel Assy 3060540LW 12PITH11W/GS-12PITH15/16/17 W-T3,GS-12PITH11W,3200.0,-1,35
3073116,4 WAY VALVE 18VITH 3073116,GS-18VITH1,9000.0,1,35
3073198,4-Way Valve Assy 12CITH11B 3073198,GS-12CITH11B,4500.0,-2,35
3073203,4 Way Valve 18AITH11W 3073203,GS-18AITH11W,7500.0,-1,35
3073381,4 Way Valve Assy 16CITH3F 3073381,GS-16CITH3F,7000.0,5,35
33000038,Capacitor CBB6533000038,GS-18CZ6,1500.0,0,35
3331015811,CAPACITOR 450V22UF GS-18CITH1 3331015811,GS-18CITH1,200.0,-5,35
33310311,Electrolytic capacitor 680uFÂ±20%/450V (frequency conversion) GS-18PITH1W 33310311,GS-18PITH1W,1750.0,-5,35
35060052,IGBT RJP6065 284 GS-18CITH13B 35060052,GS-18CITH13B,500.0,3,35
35060055,FET GT30J122 GS-18CITH13B 35060055,GS-18CITH13B,420.0,10,35
35060059,IGBT FGH40N60SMD all model 35060059,GS-18CITH1,1000.0,-5,35
360003000012,IPM PSS20S92F6-AG GS-18PITH1W 360003000012,GS-18PITH1W,4600.0,-3,37
360003000021,IPM GS-18PITH11W 360003000021,GS-18PITH11W,3500.0,-4,37
36000815,IC TNY277 GS-18CITH3 36000815,GS-18CITH3,540.0,-1,37
36000828,IPM PS21965-ASTC55 ES-18CR01W 36000828,ES-18CR01W,5000.0,-7,37
36107,Cool Water Thermostat WD-300F 36107,WD-300,1000.0,-1,37
36622132,IC 8D3T066-R2A20132 GS-18CITH2W 36622132,GS-18CITH2W,600.0,-1,37
390000451,Outdoor Ambient Temperature Sensor GS-12CITH1 390000451,GS-12CITH1,1500.0,0,37
390000453,Ambient Temperature Sensor390000453,GS-12ECH10,1500.0,-3,37
3900013724,Temperature Sensor GF-24VTIH 3900013724,GF-24VTIH,1500.0,-1,37
3900030804,Outdoor Temperature Sensor3900030804,GS-12CITH1,1500.0,0,37
3900030811,Temperature Sensor GS-18PITH11W / GS-12PITCW 3900030811,GS-18PITH11W,1500.0,-3,37
3900030907,Outdoor Temperature Sensor GS- 18PITH11W/O 3900030907,GS-18PITH11W,2000.0,-10,37
3900030912,Outdoor Temperature Sensor GS- 18AITH23S- T3/18AITH/24PITH/24VTIH/Zith GS- 24PITC12W-T3 3900030912,GS-18AITH23S-T3,1500.0,-8,37
3900031302,ID Temperature Sensor 11CITH3F/8PITH1W /12FITH/GS- 12/18/24/18/26AITH/ GS-12PITCW 3900031302,GS-11CITH3F,1500.0,-31,37
3900031314,Temperature Sensor PITH /AITH/Zith COMMON 3900031314,GS-18AITH23W-T3,1500.0,-49,37
3A.HK680-P,Soft Press PCB EW-F1202DC / EW- F9502DC 3A.HK680-P,EW-F1202DC,7500.0,-1,37
3A.HK680T,Smart Touched PCB EW-F1204DC 3A.HK680T,EW-F1204DC,7500.0,1,37
3A.HT690-P,690P Wire Harness(Press) EW-F1202DC (58088) 3A.HT690-P,EW-F1202DC,3500.0,2,37
3D.AKM003,Double Inlet Valve EW-F9504DC 3D.AKM003,EW-F9504DC,2000.0,-1,37
3D.ECOSTAR001,Wash timer EW-T1004MG / EW- T1002JB 3D.ECOSTAR001,EW-T1004MG,1000.0,-3,37
3D.HD6902,Door Sensor Switch EW-F1202DC 3D.HD6902,EW-F1202DC,976.0,-1,37
3D.HE008C,SPIN TIMER EW-T1002JB / EW- T1004MG / EW-S1002WW 3D.HE008C,EW-T1002JB,1000.0,-3,39
3D.HE038E-9366,Wash timer with buzzer funtion EW- W1002GW 3D.HE038E-9366,EW-W1002GW,1400.0,5,39
3D.HF132,Capacitor 15Î¼F(with Inductance) EW- F1202DC 3D.HF132,EW-F1202DC,1100.0,2,39
3D.HJ021C,Power cord(3x0.75mmÂ²/European plug) EW-F9502DC 3D.HJ021C,EW-F9502DC,1000.0,-2,39
3D.HM007,Water Level Sensor EW-F1202DC 3D.HM007,EW-F1202DC,2450.0,-1,39
3D.HX0101A200-19(L48),Wash Motor 200W EW-F1202DC 3D.HX0101A200-19(L48),EW-F1202DC,5000.0,2,39
3D.HY0201A200-18,WASH MOTOR 200W EW-W1202GW 3D.HY0201A200-18/3D.HX0201A200- 18(L42),EW-W1202GW,4500.0,2,39
3D.HY0202A70-60,Spin Motor EW-S1001GW / EW- S1002GW 3D.HY0202A70-60,EW-S1001GW,4000.0,0,39
3D.PEL003,"WATER INLET VALVE EW- F9502DC,F1202DC 3D.PEL003",EW-F9502DC,4000.0,-1,39
3D.PEL003A,Double Inlet Valve EW-F9504DC 3D.PEL003A,EW-F9504DC,5000.0,2,39
3G.GF012A,Drain Hose EW-T1004MG / EW- T1002JB 3G.GF012A,EW-T1004MG,700.0,0,39
3J.KA001,Spin seal WM EW-T1004MG / EW- T1002JB 3J.KA001,EW-T1002JB,1100.0,4,39
3P.GJ088ZC-WM,T350 Glass of spin cover EW-T1002JB 3P.GJ088ZC-WM,EW-T1002JB,1700.0,0,39
3P.GJ089ZB-WM,T350 Glass of Panel Cover EW- T1004MG 3P.GJ089ZB,EW-T1004MG,1200.0,-1,39
3P.JS001B,Gear box with Plastic pully (5:1/T707) EW-W1002GW / EW-W1202GW 3P.JS001B,EW-W1002GW,3500.0,1,39
3W.JM002F,ASSY of Brake EW-S1002GW 3W.JM002F,EW-S1002GW,1000.0,1,39
3W.JN034,Brake strip:388mm EW-T1004MG / EW- T1002JB 3W.JN034,EW-T1004MG,100.0,-3,39
3W.JN041,Brake strip L=622 EW-S1002GW 3W.JN041,EW-S1002WW,110.0,7,39
3W.JS005B,680 Gear Box EW-F9504DC /EW-F1204 3W.JS005B,EW-F9504DC,15000.0,0,39
3W.JS007,690 Gear Box EW-F1202DC 3W.JS007,EW-F1202DC,16000.0,1,39
3W.JS6801,135 left Damper EW-F9502DC 3W.JS6801,EW-F9502DC,1000.0,4,39
3W.JS6802,135 Right Damper EW-F9502DC 3W.JS6802,EW-F9502DC,1000.0,5,39
410001901,Air Intake Panel Assy GF-24TFH 410001901,GF-24TFH,3599.0,-1,41
430001060002,Plasmacluster Ion 430001060002 GS- 24PITH1W / GS-18PITC12W-T3,GS-24PITH1W,2000.0,1,41
430004022,4-Way Valve 12CITH 430004022,GS-12CITH1,3500.0,-7,41
44010226,AC Contactor GF-48CB 44010226,GF-48CB,5250.0,-1,41
4481060143LW,Indoor Rear Case GS-12PITH1W (61503) 4481060143LW,GS-12PITH1W,5000.0,1,41
46010408,Fuse T15AH 250V (with lead) (frequency conversion) GS-18PITH1W 46010408,GS-18PITH1W,500.0,-1,41
46010602,Rectifier Bridge D15XB 80BPX64 GS- 18CITH2 46010602,GS-18CITH2,175.0,-4,41
46010609,Rectifier bridge 25A/800V (frequency conversion) GS- 24AITH11W/24FITH4WB/24FITH5WB 46010609,GS-24AITH11W,800.0,-20,41
50913606011802LG,Guide Louver Air-Grill Gray (Lower) GS- 18PITH11G (59460) 50913606011802LG,GS-18PITH11G,1500.0,1,41
50913606011902LG,Guide Louver Air-Grill Gray (Upper) GS- 18PITH11G (59469) 50913606011902LG,GS-18PITH11G,1500.0,0,41
5092060290LG,Indoor Front case Assy 18PITH11G 5092060290LG,GS-18PITH11G,5208.0,2,41
5093060384LGT3,Indoor Front Panel GS-18PITH17G-T3 / GS-18PITH18G-T3 (61929) 5093060384LGT3,GS-18PITH17G-T3,3500.0,2,41
5093060557LG,Indoor Front Panel GS-18PITH11G 5093060557LG,GS-18PITH11G,3500.0,1,41
509ES20118009,Outdoor Axial Fan (60707) ES- 18DU01GC 509ES20118009,ES-18DU01GC,1800.0,2,41
509QQ023,BODY TWIN TUB (EW-T1004MG / EW- T1002JB) (60035) 509QQ023,EW-T1004MG,6000.0,1,41
55000030,Front Door Plate Sub-assy GF- 24TFIH/24TFH (56199) 55000030,GF-24TFIH,13000.0,-1,41
6QQ023,BODY TWIN TUB (EW-T1004MG / EW- T1002JB) 6QQ023,EW-T1002JB,3600.0,0,41
70001060027,Cut-off Valve 1/4(N) GS-24LM6L / GS- 24PITC12W-T3 70001060027,GS-24LM6L,1100.0,-1,41
709600071,Spring GW-JL500F (37894) 709600071,GW-JL500FWithFridge,100.0,-3,41
7110010,REDUCER 1/2 TO 3/8 Common 7110010,GS-12CZ9S,313.0,0,41
7110014,REDUCER 3/8 TO 1/4 Common 7110014,GS-12CZ9S,313.0,0,41
7130239,Cut off Valve 1/4 GS-11CITH3F 7130239,GS-11CITH3F,1600.0,-6,41
71302393,Cut-off valve 1/4 71302393 GS- 18PITH1W/O,GS-18PITH1W,1600.0,-13,43
71302395,Cut-off valve 3/8 71302395 GS- 12PITH1W/O,GS-12PITH1W,1500.0,1,43
7133474,Outdoor Cut off Valve Assy GS16CIT3F/12CITH12 7133474,GS-16CIT3F,1600.0,-4,43
7133774,Cut Off Valve Assy 1/2 7133774 GS- 18VITH1,GS-18VITH1,2100.0,6,43
7133844,Cutt Off Valve 5/8 24LITH11M 7133844,GS-24LITH11M,2200.0,-6,43
7135142,Cut-off valve 5/8(N) sub assy 7135142 GS-24FITH7C,GS-24FITH7C,2100.0,0,43
7335267,Cut-off valve Sub-Assy 48FWITH 7335267,GF-48FWITH,3500.0,0,43
7335708,Cut off Valve Sub-Assy 7335708 GS- 18FITH6C,GS-18FITH6C,1320.0,-1,43
801400056,Air Outlet Panel Assy (52080) GF-24TFH 801400056,GF-24TFH,12000.0,-1,43
8P.TY03001A,Spring foot ASSY EW-T1004MG / EW- T1002JB 8P.TY03001A,EW-T1004MG,600.0,2,43
9001000235,Compressor and Fittings GF-48TF 9001000235,GF-48TF,91000.0,2,43
9001060066,Compressor and Fittings GS-12PITH1W 9001060066,GS-12PITH1W,25000.0,0,43
9001060387,Comperssor GS-24PITH1W 9001060387,GS-24PITH1W,42000.0,0,43
9001060472,"Compressor and Fittings 18PITH1/2W 9001060472 , QXF-A120zH190A",GS-18PITH2W,36000.0,-1,43
9001060472L,Compressor and Fittings 18PITH1/2W QXF-A120zH190A 9001060472L,GS-18PITH2W,36000.0,0,43
9001060621,Compressor and Fittings 9001060621 GS-24PITH11W / 24TFIH QXFS- M180Z170,GS-24PITH11W,54000.0,-2,43
9001060621L,Compressor GS-24PITH11W / 24TFIH QXFS-M180Z170 9001060621L,GS-24PITH11W,54000.0,0,43
9001060621STL,Compressor GS-24PITH15 / GS- 24PITH16 / GS-24PITH17 / GS- 24PITH14 /GS-24AITH /GS-24ZITH 9001060621STL,GS-24PITH16G-T3,54000.0,0,43
9001060648,Compressor GS-12PITH11 / 18PITH11W / GS-12PITCW 9001060648,GS-18PITH11W,32000.0,1,43
9001060648L,Compressor GS-12PITH11 / GS- 18PITH11W ( FTZ-AN108ACBD) 9001060648L,GS-18PITH11W,32000.0,2,43
9001060648R,Refurbished Compressor GS- 18PITH11W 9001060648R,GS-18PITH11W,32000.0,0,43
9001060663,Compressor & Fittings 9001060663 GF- 24TFIH-T3,GF-24TFIH-T3,49000.0,0,43
9001060763,Compressors & FIttings GS-12LM6L/GS- 12CM11 9001060763,GS-12LM6L,44000.0,0,45
9001060783,Compressor and Fittings GS- 18PITH21W-T3 9001060783,GS-18PITH21W-T3,40000.0,-3,45
9001060786L,Compressor and Fittings GF-24TF 9001060786L,GF-24TF,34000.0,1,45
9001060807,Compressor & Fittings GS-24LM6L/GS- 24CM11 9001060807 QXA-D24F070,GS-24LM6L,70000.0,0,45
9001060932,Compressorr & Fittings GS-18CM11 9001060932,GS-18CM11,49000.0,-2,45
BGRADESETGW-JL500F,Bgrade Set GW-JL500F,GW-JL500FWithFridge,16600.0,0,45
BGRADESETWD-300F,Bgrade Set WD-300F,WD-300F,8000.0,0,45
ES11202526,Evaporator Assy ES-12DU01 / ES- 12EM01 ES11202526,ES-12DU01WG,20000.0,16,45
ES11202526R,Refurbished Evaporator Assy ES- 12DU01 / ES-12EM01 ES11202526R,ES-12DU01WG,10000.0,0,45
ES11802526,Evaporator Assembly ES-18DU01W / ES-18EM01W ES11802526,ES-18DU01WG,24000.0,16,45
ES12402526,Evaporator Assembly ES-24DU01W/ES- 24EM01W ES12402526,ES-24DU01WG,35000.0,7,45
GF9001060077,Compressor and Fittings GF-48TFIH 9001060077,GF-48TFIH,75000.0,1,45
GIRF-3250134,IMPORTED FRIDGE PART GIRF-3250134 (Sensor),GRID-215G-CD1Y,2000.0,2,45
GIRF-3251360,IMPORTED FRIDGE PART GIRF-3251360 (Fuse),GRID-215G-CD1Y,2000.0,3,45
GR-997833660120,Evaporator tray GR-E9978G-CB1 GR- 997833660120,GR-E9978G-CB1,900.0,-46,45
GR02-72710009,Drier Fillter 310G 340G 310V 340V GR02-72710009,GR-310G-CR1,1000.0,1,45
GR04-E5150001,REF Fan Motor( AC~) GR-E8768G-CW1 GR04-E5150001,GR-E8768G-CW1,2000.0,-34,45
GR04-E5150002,Fan Motor DC GR-E8768G-CW1 GR04- E5150002,GR-E8768G-CW1,1000.0,-1,45
GR12-41100157,thermostat all models 100157 GR- 310G-CR1 GR12-41100157,GR-310G-CR1,500.0,3,45
GR12-E51510027,"THERMOSTAT WDF27-EX DD-388,448 GR-E8768-CB2 GR12-E51510027",GR-E8768G-CB2,600.0,6,45
GR13-E8180001,Fridge Main Board Everest GR-E8768G- CW1 Model GR13-E8180001,GR-E8768G-CW1,1800.0,-1,45
GR14-103N0012,RELAY GR-360-CD1 GR14-103N0012,GR-360G-CD1,1500.0,0,45
GR18-73712205,Rely 95AT GR-D340-CB2 GR18- 73712205,GR-D340G-CB2,700.0,0,45
GR18-E51519002,Compressors ENK150KL GR-E9978G- CW1 GR18-E51519002,GR-E9978G-CW1,15000.0,-15,47
GR19-E51520008,Fridge Door Gas Kit GR-E8890G-CB2 GR19-E51520008,GR-E8890G-CB2,1000.0,3,47
GR32-501070003,Ref Gas kit GR-340/360CD1 GR32- 501070003,GR-340G-CD1,1500.0,-2,47
GR32-E51520001,Ref Door Gas Kit GR-E9978G-CW1 GR32-E51520001,GR-E9978G-CW1,1500.0,-12,47
GR32-E51520003,REF Gas Kit GR-E8768G-CW1 GR32- E51520003,GR-E8768G-CW1,2000.0,-1,47
GR32-E51520006,Ref Gas Kit GR-E8890G-CR2 GR32- E51520006,GR-E8890G-CR2,1500.0,0,47
GR33-E77610086,PTC (QP2-15) Common GR33- E77610086,GR-E8768G-CW1,500.0,-6,47
GR33-E77610091,OLP EVEREST SERIES GR33-E77610091,GR-E8768G-CW1,500.0,-1,47
GR35-E77610089,REF TEMPRATURE SENSOR Common GR35-E77610089,GR-E8768G-CW1,500.0,1,47
GR35-E77610089,Sensor Everest Series GR35-E77610089,GR-E8768G-CW1,500.0,2,47
GR36-E77610092,EVAPORATOR TRAY Common GR36- E77610092,GR-E8768G-CW1,850.0,-21,47
QD36LW,Compressor For WD-300F/WD- 350F/WD-450F (66625) QD36LW,WD-300F,10000.0,0,47
QD36LWL,WD Compressor WD-300F / WD-350F /WD-450F QD36LWL,WD-300F,10000.0,1,47
QQ028,Top Cover / Ring for Water Barral EW- F9502DC / EW-F9504DC(55274) QQ028,EW-F9504DC,3500.0,2,47
QQ031,Ring For Water Barral EW-F1202DC / EW-F1204DC (55275) QQ031,EW-F1202DC,4000.0,0,47
QQ052,"Balance Ring of Sipin Tub S1001GW,S1002WW,T1004MG,T1002J B (54817) QQ052",EW-S1001GW,300.0,1,47
QQ072,Spin Tub EW-T1004MG / EW-T1002JB (55029) QQ072,EW-T1004MG,1600.0,0,47
QQ081,Extension Feet-1 (Rear Left) EW- W1001GW/EW-W1201GW/EW- S1001GW QQ081,EW-W1001GW,400.0,-1,47
QQ082,Extension Feet-2 (Rear Right) EW- W1001GW/EW-W1201GW/EW- S1001GS QQ082,EW-W1001GW,400.0,-1,47
QQ083,Extension Feet-3 (Front Left) EW- W1001GW/EW-W1201GW/EW- S1001GW QQ083,EW-W1001GW,400.0,-1,47
WD-000001,Dryer Filter WD- 300/F/301/302/351/450F (36109) WD- 000001,WD-351FB,1200.0,-1,49
WD-300F-35833,Evaporator Plate WD-300F WD-300F- 35833,WD-300F,4000.0,0,49
WD-40033922,Silicone Pipe 1 WD-400F WD-40033922,WD-400F,250.0,0,49
WD-5012141718,Hot Water Tap WD-350FS WD- 5012141718,WD-350FS,1000.0,-1,49
WD300-1010016,Condenssors WD-300F (WD300- 1010016) CONDENSSORS-WD300,WD-300F,2500.0,0,49
WD300-COOLTAP,Cool Water Tap WD-300F WD300- COOLTAP,WD-300,1000.0,-2,49
WD300-HOTTANK,Hot Tank Assy WD300-HOTTANK F / WD-350F,WD-300F,2000.0,1,49
WD300-HOTTAP,Hot Water Tap WD-300 WD300- HOTTAP,WD-300,1000.0,-3,49
WD350-COOLTAP,Cool Water Tap WD-350 WD350- COOLTAP,WD-350FS,1000.0,-1,49
WD351-00001,Hot Tank Assy WD-350/351 WD351- 00001,WD-351FB,2000.0,-1,49
WD450F000005,Cooling Thermostat WD-450F WD450F000005,WD-450F,1500.0,-1,49
